Metric Name,Scope,Definition,Purpose
Max Available,Service Area,The maximum number of vehicles concurrently available for rent.,Describes the most vehicles available for rent at a single point in time. Often used for cap policy.
Max Unavailable,Service Area,"The maximum number of vehicles concurrently unavailable for rent but still on the public right of way. Vehicles could be unavailable for rent due to low battery, maintenance needs, or other reasons.","Describes the highest number of vehicles in the public right of way, but not available for rent at any point in time."
Max Parked,Service Area,The maximum number of concurrent stopped vehicles that are either available and unavailable.,Describes the highest number of vehicles in the public right of way at any given point in time.
Trip Start Count,Service Area,The total number of trips that started in the service area.,
Trip End Count,Service Area,The total number of trips that ended in the service area.,
Trips Per Vehicle,Service Area,Trip Starts divided by the Max Available for the time period.,Describes how many trips an average vehicle would be expected to take in a day.
Trip Start Count,Area of Interest,The total number of trips that started in the area of interest.,
Trip End Count,Area of Interest,The total number of trips that ended in the area of interest.,Describes the number of trips that ended in a specified geography during during a user defined date range.
Morning Deployment Available Count,Area of Interest,The number of available vehicles at 8AM.,Describes approximately how many vehicles were deployed at the beginning of the day in an given area of interest. This is often used as a way to gauge rebalancing of vehicles overnight.
Mean Available Vehicle Count,Area of Interest,The average number of vehicles in an available state across a given time period in the area. Calculated based on the total number of seconds all vehicles spent in an available state divided by the number of vehicles observed in that state over the metric time period,Reflects the average number of vehicles available for rent in the right of way across a day.
Mean Unavailable Vehicle Count,Area of Interest,The average number of vehicles in an unavailable state across a given time period in the area. Calculated based on the total number of seconds all vehicles spent in an unavailable state divided by the number of vehicles observed in that state over the metric time period,"Reflects the average number of vehicles in the right of way that are not available for rent, and have not been removed from the right of way. These vehicles either have a low battery, or are disabled for maintenance."
Mean Active Vehicle Count,Area of Interest,"The average number of vehicles in an available or reserved state over the given time period. This is computed by calculating the number of vehicles in each state at each second, and dividing by the total number of seconds in the report period.",Describes the average number of vehicles an operator has made actively available during the day. This includes the time vehicles spend on trips.
Vehicle Utilization By Mean Available Vehicles,Area of Interest,The number of trips starting in a given area divided by the number of average available vehicles in that area over the same time period.,Reflects the average number of trips an available vehicle would take over the day.
Vehicle Utilization By Mean Active Vehicles,Area of Interest,The number of trips starting in a given area divided by the number of average active vehicles in that area over the same time period.,Reflects the average number of trips an active (reserved or available) vehicle would take over a day.
Average Vehicle Idle Seconds,Area of Interest,"The total number of seconds vehicles spent in an unavailable or available state in the area, divided by the number of vehicles seen in the area over the same time period.",Indicates the average time a vehicle would be sitting in the right of way during a given time period.
Total Vehicles Seen,Area of Interest,"The total number of unique devices observed in the area over the time period. Vehicles are only observed when they transition into or are already observed at the start of the time period in an available, unavailable, or reserved state.",Describes the number of unique devices deployed or seen in the public right of way over the course of a day.


"For additional information on data sharing metrics, see: https://www.sae.org/standards/content/mdc00002202004/"
